{"stats":{"minecraft:crafted":{"regions_unexplored:maple_wood":12,"minecraft:crafting_table":1,"regions_unexplored:maple_planks":60,"minecraft:wooden_pickaxe":1,"minecraft:wooden_axe":1,"minecraft:chest":4,"minecraft:furnace":2,"minecraft:stone":35,"minecraft:air":0},"minecraft:dropped":{"regions_unexplored:red_maple_sapling":4,"minecraft:wheat_seeds":7,"minecraft:stone_sword":1,"regions_unexplored:maple_sapling":2,"graveyard:corruption":1,"twigs:twig":10},"minecraft:mined":{"regions_unexplored:stone_bud":9,"regions_unexplored:maple_log":1,"regions_unexplored:mossy_stone":13,"treechop:chopped_log":2,"minecraft:coal_ore":1,"minecraft:stone":37},"minecraft:broken":{"minecraft:wooden_pickaxe":1},"minecraft:picked_up":{"techreborn:raw_tin":22,"modern_industrialization:lignite_coal":30,"minecraft:stick":7,"minecraft:wither_rose":1,"powah:uraninite_raw":3,"bewitchment:salt":31,"regions_unexplored:red_maple_sapling":4,"promenade:blush_sakura_sapling":1,"minecraft:gunpowder":1,"minecraft:mossy_cobblestone":99,"minecraft:bone":1,"minecraft:stone_sword":1,"minecraft:arrow":1,"modern_industrialization:raw_nickel":4,"minecraft:apple":1,"graveyard:corruption":1,"regions_unexplored:maple_sapling":2,"minecraft:wheat_seeds":7,"regions_unexplored:maple_log":19,"modern_industrialization:raw_lead":3,"twigs:twig":10,"minecraft:coal":50,"minecraft:cobblestone":853},"minecraft:custom":{"minecraft:time_since_rest":50675,"minecraft:interact_with_furnace":13,"lootr:looted_stat":1,"minecraft:sprint_one_cm":161595,"minecraft:damage_taken":556,"minecraft:walk_one_cm":179611,"minecraft:mob_kills":4,"minecraft:drop":25,"minecraft:damage_dealt":1206,"minecraft:interact_with_crafting_table":7,"minecraft:fly_one_cm":295236,"minecraft:player_kills":1,"minecraft:open_chest":6,"minecraft:crouch_one_cm":403,"minecraft:play_time":74281,"minecraft:deaths":2,"minecraft:sneak_time":139,"minecraft:walk_under_water_one_cm":1457,"minecraft:jump":577,"minecraft:interact_with_stonecutter":1,"minecraft:leave_game":1,"minecraft:time_since_death":50649,"minecraft:walk_on_water_one_cm":3926,"minecraft:total_world_time":74281,"minecraft:hex":0,"minecraft:fall_one_cm":2566},"minecraft:killed_by":{"minecraft:player":1,"graveyard:ghoul":1},"minecraft:killed":{"minecraft:skeleton":1,"graveyard:ghoul":1,"minecraft:player":1,"minecraft:creeper":2},"minecraft:used":{"minecraft:lava_bucket":1,"minecraft:stone_sword":44,"minecraft:bread":2,"betterend:iron_hammer":4,"minecraft:chest":4,"minecraft:wooden_pickaxe":51,"justhammers:stone_hammer":79,"justhammers:diamond_hammer":120,"minecraft:crafting_table":1,"minecraft:furnace":2}},"DataVersion":3465}