{"stats":{"minecraft:crafted":{"vinery:grapevine_stem":4,"minecraft:crafting_table":1,"minecraft:stone_axe":1,"promenade:sakura_planks":24,"minecraft:stick":4,"promenade:sakura_wood":3},"minecraft:dropped":{"minecraft:stone_axe":1,"minecraft:cobbled_deepslate":1,"minecraft:bowl":1,"minecraft:iron_helmet":1,"minecraft:cobblestone":47,"the_bumblezone:bee_stinger":1,"minecraft:rotten_flesh":6,"minecraft:lantern":2,"minecraft:apple":2,"techreborn:deepslate_galena_ore":1,"techreborn:bauxite_ore":1,"techreborn:rubber_sapling":6,"minecraft:lily_of_the_valley":1,"twigs:tangerine_seashell":12,"supplementaries:flax_seeds":1,"minecraft:dirt":1,"supplementaries:rope_arrow":1,"modern_industrialization:raw_nickel":1,"minecraft:diorite":2,"fishofthieves:earthworms":7,"minecraft:rose_bush":2,"minecraft:oak_sapling":3,"minecraft:potion":1,"croptopia:roe":2,"minecraft:wither_rose":1,"minecraft:iron_axe":2,"minecraft:bow":2,"minecraft:iron_bars":8,"minecraft:sand":18,"minecraft:arrow":4,"minecraft:blue_orchid":1,"vinery:grapevine_stem":6,"minecraft:calcite":7},"minecraft:mined":{"create:zinc_ore":1,"minecraft:podzol":1,"minecraft:tuff":2,"minecraft:lily_of_the_valley":1,"minecraft:glow_lichen":1,"promenade:blush_sakura_blossoms":23,"minecraft:grass_block":21,"minecraft:calcite":8,"modern_industrialization:deepslate_lead_ore":4,"modern_industrialization:lead_ore":9,"minecraft:rose_bush":2,"twigs:petrified_lichen":2,"supplementaries:wild_flax":1,"techreborn:bauxite_ore":1,"promenade:blush_sakura_blossom_pile":6,"minecraft:copper_ore":7,"beachparty:sand_seastars":2,"beachparty:dry_bush":1,"minecraft:diorite":4,"botania:light_gray_mystical_flower":1,"minecraft:red_stained_glass_pane":4,"minecraft:spawner":1,"supplementaries:urn":2,"techreborn:lead_ore":3,"twigs:tangerine_seashell":4,"treechop:chopped_log":2,"minecraft:stone_brick_stairs":1,"create:asurine":4,"minecraft:grass":19,"minecraft:potted_azure_bluet":1,"minecraft:cave_vines":1,"minecraft:coal_ore":2,"minecraft:deepslate_iron_ore":8,"minecraft:gravel":2,"minecraft:sand":13,"modern_industrialization:deepslate_nickel_ore":4,"minecraft:cracked_stone_bricks":1,"minecraft:azalea_leaves":1,"minecraft:bamboo":9,"minecraft:stone_bricks":7,"minecraft:stone":55,"minecraft:mossy_stone_bricks":5,"techreborn:deepslate_galena_ore":1,"minecraft:white_wool":4,"create:limestone":1,"twigs:opaline_seashell":3,"minecraft:deepslate":14,"modern_industrialization:deepslate_bauxite_ore":2,"minecraft:fern":1},"minecraft:custom":{"lootr:looted_stat":10,"minecraft:interact_with_furnace":4,"minecraft:mob_kills":22,"minecraft:interact_with_crafting_table":2,"minecraft:interact_with_cartography_table":2,"minecraft:damage_dealt_resisted":0,"minecraft:interact_with_stonecutter":1,"minecraft:leave_game":3,"minecraft:time_since_death":14500,"minecraft:hex":0,"minecraft:sleep_in_bed":1,"minecraft:damage_resisted":0,"minecraft:climb_one_cm":2912,"minecraft:time_since_rest":14525,"minecraft:sprint_one_cm":234907,"minecraft:damage_taken":2297,"minecraft:walk_one_cm":206544,"minecraft:damage_blocked_by_shield":1480,"minecraft:drop":51,"minecraft:damage_dealt":2880,"minecraft:swim_one_cm":22172,"minecraft:fly_one_cm":129417,"minecraft:player_kills":1,"minecraft:crouch_one_cm":4827,"minecraft:play_time":75508,"minecraft:deaths":5,"minecraft:sneak_time":2071,"minecraft:walk_under_water_one_cm":18975,"minecraft:jump":765,"minecraft:walk_on_water_one_cm":30702,"minecraft:total_world_time":75508,"minecraft:fall_one_cm":22343},"minecraft:picked_up":{"techreborn:deepslate_galena_ore":1,"minecraft:azure_bluet":1,"minecraft:flower_pot":1,"minecraft:suspicious_stew":1,"minecraft:potion":1,"minecraft:tuff":2,"minecraft:lantern":2,"minecraft:dirt":22,"minecraft:iron_axe":4,"minecraft:raw_copper":29,"minecraft:cooked_mutton":9,"minecraft:bone":5,"minecraft:apple":1,"promenade:sakura_log":10,"minecraft:bow":1,"minecraft:cobbled_deepslate":1,"ftbquests:book":1,"minecraft:rose_bush":1,"fishofthieves:earthworms":7,"vinery:grapevine_stem":6,"minecraft:calcite":7,"minecraft:bamboo":95,"croptopia:roe":2,"minecraft:raw_iron":8,"twigs:bamboo_leaves":5,"minecraft:sand":23,"minecraft:diorite":2,"minecraft:carrot":4,"minecraft:lily_of_the_valley":1,"techreborn:bauxite_ore":1,"modern_industrialization:raw_nickel":5,"minecraft:arrow":4,"minecraft:iron_helmet":1,"create:asurine":4,"minecraft:emerald":6,"modern_industrialization:raw_lead":13,"twigs:tangerine_seashell":12,"minecraft:white_wool":8,"minecraft:cobblestone":50},"minecraft:killed_by":{"minecraft:skeleton":3,"minecraft:zombie":2},"minecraft:killed":{"minecraft:allay":2,"minecraft:salmon":7,"minecraft:squid":2,"minecraft:skeleton":2,"minecraft:zombie":6,"minecraft:stray":2,"minecraft:player":1},"minecraft:used":{"minecraft:shield":30,"minecraft:iron_sword":121,"minecraft:dirt":21,"minecraft:sand":5,"minecraft:crafting_table":1,"minecraft:tuff":2,"promenade:sakura_planks":18,"minecraft:apple":9,"minecraft:suspicious_stew":1,"minecraft:iron_axe":12,"minecraft:bread":12,"minecraft:iron_pickaxe":153,"vinery:grapevine_stem":1}},"DataVersion":3465}