{"stats":{"minecraft:crafted":{"minecraft:coal":54,"promenade:sakura_planks":60,"minecraft:stone_pickaxe":1,"minecraft:chest":4,"minecraft:wheat":117,"minecraft:emerald":27,"minecraft:crafting_table":2,"minecraft:spruce_planks":32,"minecraft:wooden_pickaxe":1,"minecraft:bucket":1,"minecraft:stone_axe":1,"justhammers:iron_hammer":1,"minecraft:raw_gold":98,"minecraft:stick":12},"minecraft:dropped":{"minecraft:enchanted_book":3,"minecraft:water_bucket":2,"minecraft:bread":5,"minecraft:crafting_table":1,"minecraft:glow_berries":1,"promenade:sakura_planks":13,"minecraft:lantern":1,"minecraft:cracked_stone_bricks":3,"minecraft:copper_ingot":2,"promenade:blush_sakura_sapling":2,"graveyard:corruption":1,"minecraft:coal":1,"minecraft:stick":2,"minecraft:potion":2,"minecraft:string":6,"ftbquests:book":1,"twigs:twig":1,"minecraft:bone":1,"minecraft:wheat":9,"minecraft:rotten_flesh":5,"minecraft:shield":1,"minecraft:gunpowder":3,"minecraft:beetroot_seeds":3,"bewitchment:ectoplasm":2,"minecraft:spider_eye":1,"minecraft:wooden_pickaxe":1},"minecraft:mined":{"techreborn:sapphire_ore":1,"minecraft:stone_pressure_plate":3,"minecraft:mossy_cobblestone":1,"minecraft:cave_vines_plant":1,"minecraft:chiseled_bookshelf":3,"minecraft:decorated_pot":1,"promenade:blush_sakura_blossom_pile":1,"minecraft:coal_block":15,"minecraft:moss_block":1,"minecraft:hay_block":13,"regions_unexplored:stone_bud":4,"minecraft:raw_gold_block":11,"minecraft:iron_ore":12,"regions_unexplored:mossy_stone":2,"treechop:chopped_log":3,"minecraft:bookshelf":14,"minecraft:cave_vines":2,"minecraft:flowering_azalea_leaves":1,"minecraft:azalea_leaves":3,"betterarcheology:loot_vase":1,"minecraft:stone":18,"minecraft:tripwire":4,"promenade:sakura_log":6,"minecraft:amethyst_cluster":2,"betterarcheology:growth_totem":2,"minecraft:observer":1,"betterarcheology:rotten_slab":1,"minecraft:crafting_table":1,"promenade:blush_sakura_blossoms":2,"minecraft:calcite":1,"minecraft:tall_grass":1,"minecraft:cobblestone":1,"minecraft:wall_torch":1,"minecraft:amethyst_block":1,"farmersdelight:wild_beetroots":3,"farmersdelight:sandy_shrub":2,"betterarcheology:loot_vase_creeper":6,"minecraft:stone_brick_stairs":3,"betterarcheology:loot_vase_green":7,"minecraft:grass":4,"minecraft:coal_ore":2,"minecraft:cobweb":3,"minecraft:cracked_stone_bricks":2,"minecraft:stone_bricks":7,"minecraft:mossy_stone_bricks":2,"minecraft:gold_ore":2,"minecraft:emerald_block":3,"minecraft:fern":1},"minecraft:broken":{"minecraft:leather_boots":1},"minecraft:custom":{"lootr:looted_stat":18,"minecraft:mob_kills":13,"minecraft:interact_with_crafting_table":12,"minecraft:open_barrel":1,"minecraft:damage_dealt_resisted":0,"minecraft:leave_game":4,"minecraft:time_since_death":36497,"minecraft:damage_resisted":0,"minecraft:climb_one_cm":2592,"minecraft:sprint_one_cm":120641,"minecraft:walk_one_cm":117713,"minecraft:damage_blocked_by_shield":75,"minecraft:drop":33,"minecraft:play_time":71752,"minecraft:deaths":2,"minecraft:sneak_time":1061,"minecraft:walk_under_water_one_cm":17010,"minecraft:interact_with_lectern":1,"minecraft:jump":865,"minecraft:walk_on_water_one_cm":18721,"minecraft:total_world_time":71752,"minecraft:interact_with_cartography_table":1,"minecraft:tune_noteblock":1,"minecraft:hex":0,"minecraft:time_since_rest":36527,"minecraft:damage_taken":1450,"minecraft:damage_absorbed":40,"minecraft:damage_dealt":2562,"minecraft:swim_one_cm":24572,"minecraft:fly_one_cm":160230,"minecraft:open_chest":11,"minecraft:crouch_one_cm":2437,"minecraft:fall_one_cm":22898,"minecraft:inspect_dispenser":3},"minecraft:picked_up":{"minecraft:crafting_table":1,"minecraft:wheat":17,"minecraft:potion":1,"minecraft:enchanted_book":3,"promenade:blush_sakura_sapling":5,"minecraft:string":7,"minecraft:raw_copper":3,"minecraft:beetroot":1,"graveyard:corruption":1,"promenade:sakura_log":15,"minecraft:cracked_stone_bricks":4,"minecraft:coal_block":15,"minecraft:egg":1,"minecraft:raw_iron":12,"minecraft:raw_gold_block":11,"minecraft:torch":1,"minecraft:carrot":3,"minecraft:rotten_flesh":12,"minecraft:beetroot_seeds":3,"minecraft:hay_block":13,"minecraft:glow_berries":1,"minecraft:skeleton_skull":2,"minecraft:cobblestone":92,"minecraft:water_bucket":2,"minecraft:gunpowder":3,"minecraft:lapis_lazuli":6,"minecraft:name_tag":2,"minecraft:bone":1,"minecraft:stone_bricks":1,"minecraft:wheat_seeds":2,"minecraft:raw_gold":3,"twigs:twig":3,"minecraft:book":47,"minecraft:emerald_block":3,"minecraft:amethyst_shard":8,"bewitchment:salt":5,"minecraft:spruce_sapling":14,"minecraft:spruce_log":24,"minecraft:spider_eye":1,"minecraft:mossy_cobblestone":43,"minecraft:diamond":1,"betterarcheology:growth_totem":2,"minecraft:bread":5,"minecraft:emerald":1,"bewitchment:ectoplasm":2,"minecraft:coal":2},"minecraft:killed_by":{"minecraft:player":1},"minecraft:killed":{"minecraft:spider":1,"bewitchment:ghost":1,"minecraft:skeleton":2,"graveyard:ghoul":1,"minecraft:pillager":3,"minecraft:zombie":5},"minecraft:used":{"minecraft:stone_sword":4,"minecraft:chest":4,"minecraft:shield":2,"minecraft:iron_sword":70,"minecraft:iron_chestplate":1,"minecraft:torch":1,"simplyswords:iron_katana":11,"minecraft:iron_helmet":1,"minecraft:stone_bricks":1,"minecraft:water_bucket":17,"simplyswords:gold_glaive":1,"minecraft:stone_pickaxe":14,"minecraft:wooden_pickaxe":7,"minecraft:leather_boots":1,"minecraft:cracked_stone_bricks":1,"minecraft:golden_apple":2,"minecraft:crafting_table":2,"justhammers:iron_hammer":27,"mcdw:sword_cutlass":6,"minecraft:apple":7,"minecraft:command_block":1,"minecraft:bread":15,"minecraft:string":1,"minecraft:iron_pickaxe":98,"minecraft:stone_axe":49,"betterarcheology:growth_totem":1,"minecraft:bucket":18}},"DataVersion":3465}