{"stats":{"minecraft:mined":{"regions_unexplored:maple_leaves":2},"minecraft:custom":{"minecraft:jump":30,"minecraft:time_since_rest":4809,"minecraft:crouch_one_cm":240,"minecraft:leave_game":2,"minecraft:play_time":4809,"minecraft:sprint_one_cm":4590,"minecraft:walk_on_water_one_cm":132,"minecraft:time_since_death":4809,"minecraft:walk_one_cm":8245,"minecraft:sneak_time":34,"minecraft:total_world_time":4809,"minecraft:walk_under_water_one_cm":82,"minecraft:hex":0,"minecraft:swim_one_cm":519,"minecraft:fall_one_cm":685,"minecraft:fly_one_cm":6988}},"DataVersion":3465}